rank,event_key,score,category,claim_status,independent_count,best_tier,n_members,sources,latest_utc,headline,summary
0,9d9d1a38f352d570,13.085,military,unconfirmed,1,2,3,al_manar|sky_news_arabia|tg_minas_tirith,2026-08-30T16:59:23+00:00,استهداف یک کشتی نفت‌کش در تنگه هرمز با یک پرتابه,بریتانیایی‌ها اعلام کردند کشتی در مسیر جنوبی هدف قرار گرفت، اما جزئیات بیشتری درباره نوع پرتابه یا خسارات وارد شده در دسترس نیست.
1,84c2765ca2f1cf71,13.019,military,unconfirmed,1,2,2,mee|tg_geopwatch,2026-08-30T17:07:28+00:00,یک تانکر نفتی در تنگه هرمز به پرتابه ناشناخته برخورد کرد,بر اساس گزارش‌ها، این حادثه منجر به تلفات جانی یا زیان محیطی نشد و مقامات در حال بررسی علت دقیق آن هستند.
2,49574a3005d5de57,12.871,military,unconfirmed,1,2,1,tehran_times,2026-08-30T16:56:03+00:00,وزارت دفاع ایران ظرفیت‌های صنعتی دفاعی را پس از درگیری‌های اخیر بازسازی می‌کند,سخنگوی وزارت دفاع اعلام کرد که بر تولید بومی و پایداری صنعتی با هدف جبران ذخایر استراتژیک پس از دو درگیری اخیر تمرکز شده است.
3,4abf1646383ef099,11.032,economy,likely,2,2,2,mee|sky_news_arabia,2026-08-30T17:10:40+00:00,بانک مرکزی امارات و مصر هماهنگی برای ادامه فعالیت بانک مصر را اعلام کردند,این هماهنگی پس از قطع دسترسی فروع بانک مصر در امارات به تراکنش‌های دلاری توسط وزارت خزانه‌داری ایالات متحده به دلیل ارتباطات با ایران صورت گرفت.
4,11f98c2dd0e5e0bf,10.899,security,unconfirmed,1,2,1,haaretz,2026-08-30T17:02:39+00:00,دادگاه نظامی اسرائیل آزادسازی فلسطینی را پس از یک ماه بازداشت تأیید کرد,ثابت مسالم که به دلیل درگیری با مستعمره‌نشینان بازداشت شده بود، با دستور قاضی نظامی آزاد شد؛ این اقدام به عنوان یک رهای نادر در میان بازداشت‌های اداری توصیف می‌شود.
5,e68c2a8d970b327c,10.134,security,unconfirmed,1,2,1,ajar,2026-08-30T13:59:00+00:00,بروز اعتراضات در ماراتن سیدنی به دلیل حضور نظامیان اسرائیلی,فعالان حقوق بشر از صدور ویزا برای گروهی از نظامیان اسرائیلی که به ارتکاب جنایات جنگی در غزه متهم هستند، انتقاد کردند و خواستار بررسی اقدامات مقامات استرالیا شدند.
6,157ae84e9f6e7d88,9.100,politics,unconfirmed,1,2,1,ajar,2026-08-30T13:50:52+00:00,رئیس لبنان با امیر قطر تماس تلفنی گرفت,در این مکالمه، روابط دوجانبه میان دو کشور مورد بحث و بررسی قرار گرفت.
7,00c5ddcf6eea9862,9.016,military,rumour,0,3,2,tg_fighter_radar|tg_tabzlive,2026-08-30T17:06:39+00:00,حضور ۸ هواپیمای تانکر آمریکایی در نزدیکی تنگه هرمز,این گزارش که منبع آن یک کانال تلگرامی است، استقرار هواپیماهای جنگنده و شناسایی را نیز در کنار تانکرها تأیید می‌کند.
8,ebbf7ccc6ec59ea9,8.875,military,rumour,0,3,1,osint613_a,2026-08-30T16:56:55+00:00,ساخت پل شناور بر روی رود فرات توسط نیروهای ترکیه و سوریه,این پل در نزدیکی المایادین، شرق دیرالزور، دو کرانه رودخانه را به هم متصل کرده است.
